Name,Location,Brand Positioning,Direct or Indirect Competitor,Concept Identity,Target Audience,Atmosphere & Experience,Menu Features,Pricing,Website Quality,Social Channels,Instagram Handle,Instagram Followers,Google Rating,# of Google Reviews,Common google review themes,USP,Guarantee,Merch / Extensions,Event Programming / Regular Events,Private / Group Booking Capabilities,Accessibility Features,Delivery / Takeout / Online Ordering,Loyalty / Rewards Program,Promotions & Specials Schedule,Collaborations / Partnerships,Community / Local Engagement,Email / Newsletter Presence,Capacity (Seated / Standing),Peak Hours / Visit Times,Visual Style / Branding Aesthetic
The Old Spaghetti Factory,"54 The Esplanade, Toronto, ON M5E 1A6","The Old Spaghetti Factory (OSF) is a heritage-rich, value-driven destination where character, décor, generous all-in meals, and genuinely warm service create memorable, share-worthy nostalgia for diners of every generation.",/,"Classic Italian-Am American comfort food served as inclusive, value-priced full meals, in a unique vintage decor environment, designed for families, groups and nostalgic dining occasions.","Adults 35-54 (family skew)
Adults 19-45 years old
Event-goers at Scotiabank Arena, Meridian Hall
Groups 20+ -- Downtown Toronto Offices, Tour Companies, Schools

Urban city workers, and dwellers
Suburban within 10km

Location/Proximity - Historical Toronto landmark conveniently located by Union Station, and within proximity to entertainment, sporting events and other attractions. 
Experience – A desire to complement time in the city with a great meal that is “social media” worthy; and a desire to make special memories and celebrate with friends and family. 
Value –Great value represented as “what you experience/get, for what you pay.”
Nostalgia – A walk down memory lane and sharing childhood memories with next generation. 
","A warm, nostalgic, slightly theatrical dining experience that blends the charm of the past with the comfort of a family meal (a place that makes simple Italian food feel like an occasion).","All-inclusive three-course meals. Every entrée comes with freshly baked bread, soup or salad, coffee or tea, and spumoni ice cream for dessert.

Emphasis on classic Italian-American comfort food made with fresh ingredients at accessible, family-friendly prices.


Gluten-friendly pasta available on request.

Vegetarian-friendly sauces and dishes clearly indicated.

Nut-free and allergy-friendly adjustments handled upon request.",$20–30,,"Instagram

Facebook",@ oldspaghettifactoryto,"5,761",4.4,"12,793","Positive:      

Nostalgic & family-friendly        
Great value for full-course meals       
Consistent food & service       
Fun, whimsical dining space       

Negative:

Dated décor (for some)
Wait times during rush
Food not “authentic Italian” and basic 
Crowded or noisy on weekends","Unique Dining Experience
Formerly Samuel Stockwell blacksith shop during turn of the century with 19th century charm.
Unique dining areas (e.g carousel, train), unique furniture (e.g. antique bed frame), and unique artifacts and antiques (e.g. stained glass, posters). 
 
All-Inclusive
All meals include bread, soup/salad, entrée, ice cream and coffee/tea.

Size
Capacity of 500+ (plus 70 seats on patio during summer months)
Ability to accommodate large groups/parties in multiple semi-private sections 
","Proven Process: 20 Steps of Service

Everyone leaves happy! ","Branded merch in vending machine includes t-shirts, spaghetti monster mousepads, balls, frisbys + factory beer mugs & candy machines","The Old Spaghetti Factory’s event programming emphasizes nostalgia, family connection, and community celebration. It’s less about constant activation and more about timeless, reliable occasions like birthdays, holidays, and group gatherings that reinforce its image as a warm, multi-generational dining space.","OSF is well-equipped to handle medium to large group bookings for example corporate lunches, school or tour groups, family celebrations. They have dedicated group menus and event inquiry forms.","The Old Spaghetti Factory Toronto offers mobility-friendly access (wheelchair-accessible entrance, accessible washrooms and seating) and dietary-inclusive menu options (gluten-free, vegan, allergy-friendly).",Not available at Toronto location but offered at other stores across Canada,"No current loyalty/rewards program. 

Corporate cards were previously run.","General food menu has ""It's All Included""
ALL OSF ENTRÉES INCLUDE:

Minestrone soup or crisp green salad with a choice of House Italian, Balsamic Vinaigrette, Honey Mustard, 1000 Island, Blue Cheese, Ranch or French dressing

Hot Sourdough Bread

Vanilla, Chocolate or Spumoni ice cream

Hot Tea or Freshly Brewed Coffee

Substitute a small Caesar Salad, Esplanade Salad or Clam Chowder in place of a crisp green salad or Minestrone for $3","""Cup for Cup"" initiative

Participation in ""Restaurants against hunger""","Donation & event support: OSF invites requests for donations of gift-certificates for local events across Canada. 

Charitable outreach in Canada

Local sourcing and corporate identity: 100 % Canadian owned & operated, while using locally-sourced ingredients as much as possible.

Being located at 54 The Esplanade in Toronto, OSF are in a downtown, high-traffic corridor near major landmarks (Union Station, St. Lawrence Market) which gives them local visibility. 

Group / community bookings: accommodates large groups and special events. This provides a way to engage local organizations, community groups, school groups, etc. 

Example from community newsletter: A seniors support/home-care group booked lunch at this location of OSF as part of their outing.",Newsletter sign up available via website,"436 Seated Capacity
150 Bar
60 Patio","Peak lunch window is 12:00 - 2:00 p.m.

Dinner peak 5:30 - 8:00 p.m.","Historic, vintage, whimsical, family-friendly, novelty décor (streetcar, carousel horses, antique lighting), warm and nostalgic.

Brand voice: Family-friendly, value-oriented, comfort dining, approachable."
East Side Mario’s,"2171 Steeles Ave W, North York, ON M3J 3N2","East Side Mario’s positions itself as a fun, family-friendly, value-oriented Italian-American casual dining chain. Their tagline and messaging emphasise “food, famiglia, and fun” and highlight generous portions and the “All-You-Can-Eat Soup/Salad and Garlic Homeloaf” offering. 

They target everyday meals rather than ultra premium experiences.","Direct: Specialising in Italian American cuisine (pasta, pizza, chicken parm) with a family focus and affordable pricing. It overlaps with OSF’s segment.","Italian-American comfort food: pastas, pizzas, chicken parmigiana, garlic bread/“homeloaf”. 

Chain restaurant format: multiple locations across Canada, standardized menu, value deals. 

Design and atmosphere tuned to families, groups and casual dining, rather than fine dining Italian. ","Families with children: affordable value meal deals, “Kids Eat Free” or value-oriented specials. 

Groups of friends and casual diners looking for Italian comfort food, big portions and friendly service.

Value-conscious diners seeking an everyday out or a group dinner rather than a premium occasion.

Lunch/dinner audiences (both midday and evening) with a broad demographic rather than niche.","Casual, bright, friendly, with large seating areas. The chain layout often features a “neighbourhood family restaurant” ambiance: comfortable booths, open space, possibly some décor nods to Italian-American themes.

Service is designed to handle families and groups. Friendly, efficient, somewhat high volume.

Value vibe: emphasis on quantity (“All-You-Can-Eat”, big portions), fun environment.","Core staples: Chicken Parmigiana, Spaghetti & Meatballs, build-your-own pastas, pizzas, calzones. 

All-You-Can-Eat options: Soup, Salad, and Garlic Homeloaf included in many meals. 

Lunch menu offering smaller/affordable portions: e.g., Lunch Za, Junior Chicken Parmigiana. 

Take-out & family meals / group meals options: e.g., family & group take-out meals from $36.99. ",$20–30,"The East Side Mario’s website is functional, clearly segmented by menu (“Food Menu”, “Drinks Menu”, “Locations”) and includes location-specific details. 

The location page (Steeles Ave W) provides key messages and deals. 

The site supports navigation, menu browsing, and likely integrates reservation/take-out options.

Visual design is decent for a chain, though perhaps less premium than boutique restaurants; the emphasis is on clarity and value rather than luxury.","Instagram

Facebook

Youtube",@ eastsidemarios,16.2k,4.6,"4,978","Positive Themes:

Generous portions, value offers, reliable comfort Italian food. (Multiple location pages emphasise “All-You-Can-Eat” and big portions) 

Friendly, family-friendly service and atmosphere.


Negative/Mixed Themes:

Chain feel (less uniqueness than boutique restaurants).

Possibly less premium ingredients or elevated experience, which may impact diners looking for higher-end Italian.

Some value-oriented reviews may say “good value, but not gourmet”.","A national Canadian chain that brings “All-You-Can-Eat Soup/Salad & Garlic Homeloaf”, large portions, Italian-American classics, and a family-friendly value environment. 

Emphasis on “food, famiglia, and fun”, targeting family groups and value occasions.

Broad menu, multiple locations, standardization and brand familiarity for consumers wanting a safe Italian dining out option.","No explicit documented “satisfaction guarantee”.

Implicit guarantee via consistent chain offering, recognized brand promise of value and family dining.","No obvious public line of branded merchandise (e.g., t-shirts, cookbooks).","Regular recurring deals and promotions: for example, on the Toronto Steeles site: “All-You-Can-Eat Pasta Mondays”, “Kids Eat Free Tuesdays”, “Buy One, Take One Home Free Wednesdays”, “Amore For Two Thursdays”. 

Not heavy on unique themed events or entertainment but promotions are strong.","As a chain restaurant, likely has capacity for families and groups. The location page mentions “family & group meals” for take-out. 

For in-restaurant group booking specifics (rooms, event space) no detailed info, but the chain format suggests moderate group capacity (families, birthdays, etc) rather than large banquet-scale.","Online menu/website indicates dine-in, take-out, delivery options for all preferences. 

Location pages list parking/amenities (TripAdvisor for Scarborough location lists “Wheelchair accessible”) 

Being a chain means standardized systems so some accessibility features likely present, though detailed accessible dining statements not heavily emphasized.","Yes: Take-out and delivery options available; food-delivery platforms list the restaurant (DoorDash etc) 

The menu and location pages mention “Family Meal Takeout Deals”. 
","No prominently advertised loyalty / points-program (membership rewards) for East Side Mario’s.

The chain uses specials and value deals rather than explicit tiered loyalty programs.","Strong set of weekly special promotions:

Monday: All-You-Can-Eat Pasta Mondays. 

Tuesday: Kids Eat Free (for children under 10 with adult entrée purchase) in Toronto location. 

Wednesday: Buy One, Take One Home Free. 

Thursday: Amore for Two Special (three-course for two, purchase of two beverages) in Toronto location. 

These recurring promotions drive midweek traffic and appeal to families/value diners.

Additionally, take-out family meal deals featured.",No specific high-profile collaborations or partnerships documented (previously national sponsorship of Canadian Breast Cancer Foundation etc) from Wikipedia content. ,"Brand messaging emphasises family, fun and local branches “making every family meal a special occasion”. 

Past brand history indicates sponsorships and local engagement (e.g., previously national sponsorship of Canadian Breast Cancer Foundation etc) from Wikipedia content. 

While local community programming details not heavily surfaced in my sources, chain identity supports community/dining-out occasions for families.",No visible email newsletter sign-up or frequent email marketing program.,"As a chain large enough for families and groups, likely has moderate to large seating capacity for casual dining (e.g., maybe 100+ seats depending on location) though not verified.

Chain standard format suggests ability to handle moderate group sizes and high volume.","Typical casual dining peaks: mid-week evening and weekend nights; lunch service also offered (menu indicates lunch from 11 AM to 3 PM). 

Mid-week promotions (Monday–Thursday) suggest effort to drive traffic on traditionally slower nights, so these are likely focus times.

Family dining evenings (after school/work) likely busiest; weekend nights for groups/families.","The branding uses bold, family-friendly visuals: generous portions, fun slogans (“Mangia, Mangia!”, “Mama Mia!”) and bright, energetic décor.

Décor and design of locations emphasise comfortable family dining with an Italian-American vibe (though less premium than boutique Italian). The brand case-study suggests redesign gave the chain a warmer, more welcoming look (crystal chandeliers, framed pictures) in past refurbishments. 

Website and menu design reflect value-oriented, accessible aesthetic rather than luxury style."
Scaddabush Italian Kitchen & Bar,"200 Front St W Unit #G001, Toronto, ON M5V 3J1","Scaddabush positions itself as “a new take on Italian cuisine” offering fresh-made pastas, pizzas, artisanal cocktails and half-priced bottles of wine on Wednesdays. 

Tagline includes: “A little bit of this, a little bit of that and a whole new take on Italian”. 

Emphasis on “style without attitude” and “excellent cuisine” for a friendly but energetic experience.","Indirect (near-direct) : Modern casual Italian with a bar-forward feel, trendier atmosphere, and made-from-scratch focus. Appeals to younger, social diners vs. families.

Overlaps in casual pasta offerings, approachable price point, and group dining occasions.","Casual dining Italian kitchen and bar, combining handcrafted elements (fresh pasta, hand-stretched mozzarella) with a vibrant, modern bar experience. 

Open concept layout (especially at Front St location) with a “Mozzarella bar” where guests can watch fresh mozzarella being made. 

Mix of family/friends dining + more social / bar-leaning context (cocktails, larger groups), balancing “dinner out” with “night out”.","Broad: families, groups of friends, couples. Especially those wanting casual Italian in a downtown/urban setting. Reviews highlight family meals, theatre district dinners, group bookings. 

Slightly younger / more social leaning compared to purely family restaurants: mention of cocktails, bar, live DJ at some locations. 

Casual dine-out occasion rather than ultra high-end fine dining. OpenTable price band “Up to CAN$30” for mains at Front St. location.","Lively, energetic, somewhat high-volume environment: open-kitchen, communal tables, bar area. Some reviews mention noise levels as a downside. 

Warm rustic decor blended with modern touches: wood panelling, visible kitchen, jars of tomato preserves, wine displays. 

It’s designed to feel unpretentious but stylish, “style without attitude”. 

Experience includes visible food-craft (making mozzarella, fresh pasta) which adds theatre.

Works for both casual meal and more social, celebratory outing (e.g., groups, birthdays).","Fresh-made items: house-made pasta, hand-stretched mozzarella made daily, focaccia bread, sauces from scratch. 

Italian classics with modern twists: e.g., Rigatoni Bolognese with meat/sausage/bacon, Lemon Garlic Shrimp Spaghetti, mozzarella “Bomba” dish. 

Appetisers/share plates (e.g., fresh mozzarella, charity bread), pizzas, mains (pastas, protein + pasta), desserts.

Drink focus: artisanal cocktails, wine specials (½-price bottles Wednesdays) and full bar. 

Some locations highlight vegetarian/customise options.",$$,"The website (scaddabush.com) is clean, modern, mobile-friendly, with location selector, menu, happy hour, rewards, delivery/take-out options. 

Clear call-outs: e.g., “We are located on the northwest corner of Front & Simcoe … open concept restaurant …”. 

Contains reservations link, gift cards, menus, events/Party & Events section. Good UX for general user/guest.","Instagram

Facebook",@ scaddabush,21.7k,4.5,9.9k,"Positive themes:

Fresh food; emphasis on handcrafted/house-made elements (mozzarella, pasta) praised. 

Good service in many cases. Friendly staff. 

Good for groups/families; nice atmosphere for social dining. 


Negative themes:

Noise levels: multiple reviews mention high volume, open layout, hard to converse. 

Value vs price: Some users feel portion/price alignment could be better; one review: “you’re paying for the ambiance at Scaddabush … food was good but you can certainly find better value.” 

Seating/spacing: Some complaints about table spacing, busy layout.","Anything we can make from scratch, we do”. Emphasising authenticity and craftsmanship. 

Hand-stretched fresh mozzarella visible via “Mozzarella bar” adds unique experiential element. 

Downtown location/s with social/celebratory atmosphere + Italian kitchen/bar concept, combining casual dining with a bar/social outing.

Wednesday half-priced bottles of wine. Distinctive promotion that drives mid-week traffic.","While there isn't a formal “satisfaction guarantee” publicly noted, they emphasises fresh, made-in-house quality which implies a quality guarantee of product craft.","No obvious public line of branded merchandise (e.g., t-shirts, cookbooks).","Weekly wine special: half-price bottles of wine on Wednesdays. 

Some locations host “Live DJ on Thursday nights” (Front St listing mentions live DJ). 

They market “Party & Events” option on website, for private events/celebrations. 

Occasional themed menus or group/shared feasts in blog/review context (e.g., “family-style feast”). ","At the Front St location: can accommodate semi-private Mozzarella Bar for up to 50 seated or 75 standing; full/partial buyouts up to 350. 

Website offers “Events” & “Parties” section for booking. 

Suitable for group dinners, celebrations, corporate gatherings given the space and layout.","OpenTable listing indicates “Wheelchair accessible”. 

Location is downtown (200 Front St) near public transit (7-minute walk from Union Station) which supports accessibility for guests. 

No detailed publicly listed info on extensive accessibility (e.g., braille menus, hearing-loop) found in our sources.","Website offers clear “TAKEOUT” and “DELIVERY” links. 

Reviews mention take-out capability. 

Good for urban dine-in + off-site/at-home eat-out options.","Site refers to “Rewards” in navigation. 

OpenTable listing mentions “Program of Rewards for diners”. 

While details (earn rate, tiers) aren’t clearly described in sources, the presence of a rewards mechanism is clear.","Wednesday: half-price bottles of wine. 

Happy-hour / cocktail & Food specials:
$2 off 
18oz IMPORT DRAUGHT,
GLASSES OF SANGRIA,
SPRITZ COCKTAILS

$6 Wine

$5 off Pizzas


Event/celebration specials (e.g., complimentary dessert for birthdays/anniversaries – reviews mention a complimentary cake). 
OpenTable

Occasional social media/promotional coupons (mentioned in Reddit review about coupons post-opening).","No major publicised collaborations sourced (e.g., with other brands or charity) beyond mention in older blog post about “Charity Bread” for a local food bank at Scarborough location. ","Blog review mentions a new location opening event with volunteers from a local food bank in Scarborough. 

The brand emphasizes being a “Canadian corporation”, locally owned/operated (by SIR Corp.) which may enhance local engagement claims. 

Further community outreach not strongly documented in sources scanned.","Website includes standard contact/reservation pages; “Rewards” likely includes email capture.

The site doesn’t prominently show a newsletter pop-up in our review.","Front St location: Semi-private Mozzarella bar – up to 50 seated / 75 standing. Full/partial restaurant buy-out up to 350. 

Typical casual dining layout: multiple tables, bar seating, communal group tables.
","Evening dinner service is peak: reviews mention being busy at 7 pm. 

Weekend nights are likely busiest (noise complaints, busy volume).

Mid-week may be slightly less busy but promotions (Wednesday wine special) help drive traffic.

Lunchtime likely moderate given downtown location (Entertainment District) but maybe more for groups or early dinner rather than heavy lunch crowd.","Bold, energetic branding: modern typography, strong use of “fresh made” headline. Website uses clean layout, high-quality food imagery.

In-restaurant décor: mixture of rustic (wood, chandeliers, tomato-jar displays) and industrial/modern (open kitchen, bar lighting) as described in reviews. 

Colour palette: likely red/white/wood tones reflecting Italian heritage + modern bar atmosphere.

Photogenic dishes (fresh mozzarella ball, pasta, cocktails) support social media share-ability.

Branding voice: fun, social, inclusive (“tables crowded with friends and family”) from corporate site."
Bellissimo Pizzeria & Ristorante,"164 The Esplanade, Toronto, ON M5A 4H2","Bellissimo positions itself as “A taste of Italy” in the heart of downtown Toronto. 

Emphasis on delivering a “well-cooked meal” every time for dine-in or take-out. 

Casual, approachable Italian/pizzeria rather than fine dining. More mass-market friendly.","Indirect: Smaller, local pizzeria-style spot with traditional Italian fare but not themed or experience-driven. More neighborhood-focused than destination dining.

Shares Italian cuisine and casual price point but lacks OSF’s tourist/family draw and experiential element.","Italian restaurant / pizzeria: pizzas, pastas, Italian main courses, salads, also chicken/veal dishes. 

Downtown, convenient location (Esplanade near St. Lawrence Market / Financial District) aimed at both local diners and office/after-work crowd.
","Local downtown workers, residents, tourists in the Financial / Esplanade / St. Lawrence area.

Families and groups: reviews mention friendly service, casual atmosphere, reasonably-priced menu items. 

Take-out/delivery customers: strong presence on Uber Eats, SkipTheDishes, DoorDash. 

Value-conscious diners: menu pricing appears mid-range (see mains from $17–30+).","Casual and comfortable, not overly upscale. Restaurantji review notes “relaxed dining experience with tasty food and friendly service.” 

Patio seating in summer is mentioned. 

Some reviews (Yelp) note moderate noise and being “good for groups” and “good for kids”.","Menu covers: pizzas (many options, vegetarian, etc), pasta dishes, chicken/veal mains, salads, soups. 

Example items: Chicken Parmigiana (served with choice of penne or spaghetti).

Also wing & fries, souvlaki dinner, steak etc, shows a broader menu beyond pizza/pasta. 

Vegetarian options mentioned in reviews (vegetarian pizza).",$20–30,"The website is functional: has menu, online order/delivery message, contact/hours info. 

Clear, straightforward, though relatively simple (not heavy branding or high-end design) aligns with casual positioning.

Hours and contact easily accessible: e.g., open times posted.","Instagram

Facebook","@ bellissimo164
",272,4.3,963,"Positive Themes:

Good value: “Excellent food. Fair price. Good Canadian beer. Excellent service.” 
Chamber of Commerce Canada

Friendly staff, neighbourhood feel. 

Solid pizza and casual Italian fare, convenient location.


Negative Themes:

Mixed reviews around consistency: Some Yelp reviews mention a decline or issues with certain orders. 

Atmosphere might be more “casual” than premium which may not satisfy diners looking for a high-end Italian experience.

Delivery/takeout quality (as with many pizzerias) may vary (less documented explicitly).","“A taste of Italy” downtown: located in a central, convenient spot for both locals & tourists.

Pizza + full Italian menu + delivery/take-out all in one offer.

Value orientation: generous portions, varied menu, casual price point.

No major “luxury Italian experience” claim, this simplicity and approachability could be a USP for families/groups looking for Italian without premium pricing.","No formal satisfaction guarantee or widely-promoted.

The “Our Goal … to provide a delicious meal to you every time” indicates a promise of consistency.",No visible loyalty/brand-merch extension documented in sources.,"No documentation of regular themed events (e.g., live music nights).

Hours suggest late-night weekend service (open until 11:45 pm Saturday) making it a dining/after-work option. 

Review mentions outdoor patio in summer (seasonal event possibility) but no formalised programming.","No detailed info on private event rooms or group booking capacity.

Given its casual pizzeria format and downtown location, it likely accommodates groups but may not have extensive event-space offerings like larger themed restaurants.","Standard downtown accessibility: located in a downtown area, walkable, likely easily accessible by transit.

No explicit listing of wheelchair accessibility, hearing-loop, braille menus etc.

Hours and online ordering offer convenience access for various needs.","Clearly promoted: direct delivery (call 416-869-9191) and presence on Uber Eats, SkipTheDishes, DoorDash, Ritual. 

The website emphasises “WE DELIVER!” prominently.

Take-out and delivery are key part of the offer. Important for downtown clientele (office workers, residents, late dinner).","No visible mention of a mobile app, points system or member perks.","No clearly documented recurring specials (e.g., “Wine Wednesdays” etc) like some competitors.

The hours show late night weekend service, which may be part of the “after work/late dinner” draw.

Possible seasonal promotions (e.g., patio in summer) but not clearly documented.","No specific high-profile collaborations or partnerships documented (e.g., with local breweries, events, or brands).

As a neighborhood business, there may be local linkages but not publicly prominent.","Some review mentions that locals consider it a neighbourhood favourite. 

No strong publicly documented community programs (charity nights, local sponsorship).","No mentions of an explicit newsletter sign-up, email list or frequent email marketing communication.

Website has contact info, but not obviously a visible “join our mailing list” or “subscribe for deals” function.","No publicly listed seating capacity (number of seats)

Given its location and format it likely seats moderate group sizes but is not described as a large banquet space.

Yelp listing mentions “Good for groups” but without capacity details. ","Evening dinner service is likely peak, especially Friday/Saturday late hours (open till 11:45pm Saturday). 

Lunch earlier in week may be lighter; menu lists Monday–Thursday opening at 3:00pm in some sources (Restaurantji) albeit others say 11 am. 

Downtown location implies after-work dinner/late night are strong.","The website uses Italian-style visuals (“A taste of Italy”), with clean layout, imagery of pizzas/pasta. 

The offline décor (based on reviews) suggests casual: outdoor patio in summer, general pizzeria look (rather than upscale Italian trattoria).

Branding communicates “casual Italian & pizzeria” rather than boutique or luxury."
Amano Italian Kitchen,"Union, 65 Front St W, Toronto, ON M5J 1E6","Amano positions itself as modern Italian cuisine rooted in tradition “classic Italian dishes reimagined with a modern touch,” aimed at being a destination for quality pasta and Italian dining in downtown Toronto (Union Station). ","Indirect: Upscale casual, chef-driven pasta concept (Union Station). Focused on quality ingredients and modern design. Caters to professionals and date nights.

Overlaps in handmade pasta offering but diverges in audience (urban professionals vs. families/tourists). ","Upscale-casual Italian kitchen that emphasizes handcrafted pasta, Roman-style dishes and an Italian bar program (wines, craft cocktails). It markets itself as convenient for commuters, pre-event dining (Scotiabank Arena/Rogers Centre) and group events. ","Commuters and downtown office workers.

Event & group bookers (corporate groups, pre-show dinners).

Tourists and arena/concert crowds looking for a convenient but quality Italian meal.

Date nights / small groups wanting shareable, crafted pasta dishes. ","Modern, lively and photo-worthy interior that still aims for a warm dining experience; busy/urban energy (can be somewhat noisy at peak). Guests frequently call it an unexpectedly good Italian tucked into Union Station. ","Focus on handcrafted pasta, Roman-style flatbreads, classic Italian mains and curated desserts.

Full drinks program: Italian wines, cocktails and beers.

Specials / aperitivo hour and rotating menu elements highlighted on site. ",$20–30,"Clean, well-structured, mobile friendly with clear sections for Menu, Drinks, Specials, Groups & Events, Takeout/Delivery, Gift Cards and Newsletter sign-up. UX emphasizes reservations and group bookings. ","Instagram

Facebook

TikTok",@ eat.amano,"8,571",4.4,"1,096","Positive: 

fresh/very good pasta, reliable service, convenient location, great for groups and pre-event dining.

Negative / Mixed: 

occasional critiques about price vs. expectations and some inconsistencies (typical for busy downtown spots); some guests mention acoustics/noise. (TripAdvisor/OpenTable review signals). ",Handcrafted pasta and a modern Italian menu inside Union Station. Combining high-quality Italian food with unmatched downtown accessibility (perfect for commuter + event occasions). ,"No explicit, formal “satisfaction guarantee” published; implied quality promise through crafted menu and responsive guest service in reviews. ","Gift cards sold/featured on site.

Catering and group-menu extensions (partnered catering services indicated). No visible retail merch (T-shirts, cookbooks) publicly listed. ","Aperitivo / specials page (aperitivo hour and rotating specials).

Used for pre-event dinners and special group experiences. No heavy calendar of weekly entertainment listed (focus is on food, specials and private events). ","Active private & group bookings function; site & OpenTable indicate capacity and group event support up to 100 guests (they promote tailored group menus and event servicing). Good for corporate events, celebrations and catering. ","Located inside Union Station (excellent transit access). OpenTable lists wheelchair access among amenities. Public pages emphasize central, walkable access. No detailed public statements found on braille menus / hearing loops. ",Explicit takeout & delivery offering (Dine-At-Home / delivery links on site). Suitable for both individual orders and catering. ,No obvious public loyalty app or multi-tier rewards program visible. Site does promote a newsletter sign-up with a welcome offer (see Email section). ,Aperitivo / Specials section on the website for rotating offers; newsletter promises special offers and seasonal promotions. (No single recurring “Wine Wednesdays” style staple explicitly prominent on the site.) ,The site promotes partner & catering relationships (Amano partners for catering with related brands and offers a “Partner With Us” page). Also the Union Station partnership (location synergy). ,Presence as a downtown Union Station restaurant implies strong local/commuter engagement; TripAdvisor/OpenTable reviews suggest positive local word-of-mouth. No major charity programs or community event calendar publicized. ,Visible newsletter with sign-up; site promises a 25% welcome offer for new subscribers (explicit sign-up messaging). Good channel to capture commuters & repeat diners. ,"Public event pages and OpenTable list group capacity up to 100 guests and modular private dining options. Suitable for groups, semi-private or full-venue bookings depending on request. Exact seated/standing split depends on event configuration; contact/booking form required. ","Peak: lunch & early dinner (commuter lunch/dinner), plus pre-event crowds (before arena/concerts). TripAdvisor/OpenTable reviews show strong evening demand and group bookings. Weekends and event nights busier. ","Modern + warm Italian: clean site photography, polished plating shots, contemporary interior photography on the site. Visual voice is premium-casual and approachable, “modern Italian crafted with tradition.” "
Il Fornello,"576 Danforth Ave, Toronto, ON M4K 1R1","Casual fine-dining Italian restaurant offering wood-fired pizzas, fresh pastas and modern Italian fare with broad appeal. Their brand message: “Casual fine dining … the GTA’s best pizza, pasta and …” with fresh ingredients prepared with love. 

They emphasise being early adopters of wood-fired oven pizzas and accommodations for vegan, gluten-free and dietary-sensitive customers.","Direct: Mid-priced casual Italian chain in Toronto offering pizza/pasta, approachable atmosphere and caters to date nights and families with similar accessibility and familiarity to OSF.","Full-service Italian dining with wood-fired oven pizzas and classic Italian mains (pastas, entrees) in a stylish setting. 

Offers vegan and gluten-free menus, reflecting modern dietary trends. 

Multiple locations (including Danforth, Oakville, Richmond Hill, etc) but each location tailored to its community.","Couples and friends looking for a good Italian night out in Toronto (Danforth locale in particular).

Locals in the Danforth/Greek-Town neighbourhood and nearby transit users (one block west of Pape station) 

Those with dietary preferences: vegan/vegetarian, gluten-free options included. Reviewers note this as a strength. 

Families and groups: though more “style” than ultra casual, still family-friendly.","Smart-casual, modern Italian with wood-fired oven theatre, comfortable but refined. Danforth listing describes “Casual Elegant” dining style. 

Dining room: lively, can be busy and a little loud at peak times. Reviewers mention nice patio, good for people-watching. 

Service: friendly and attentive according to many reviews, though some mention wait/room for improvement.","Wood-fired oven pizzas: Margherita, Diavola, Salsiccia, etc. 

Pasta mains: e.g., Penne Capri, Spaghetti & Meatballs, Gnocchi Asiago, Penne alla Vodka. (From Danforth menu) 

Vegan/plant-based options: e.g., plant-based pappardelle with “fennel sausage” and vegan dairy alternatives. 

Dietary accommodations: gluten-free pasta option available. 

Entrées beyond pizza/pasta: salads, seafood, mains etc.

Price point: moderate to upper-mid (many mains around ~$16 on Danforth menu for pizza/pasta) but higher for premium dishes.",$20–40,"Website is clear, brand-oriented, shows history/about section, menu pages for Danforth location, menu download links. 

Navigation: location-specific page (“Danforth”) with menu. 

Good functional information: location, hours, menu. Doesn’t appear heavily gimmicked, more refined.

Could possibly improve in terms of interactive elements, video, loyalty/promotions visibility (not strongly emphasised).","Instagram

Facebook",@ ilfornello,"3,793",4.3,"1,557","Positive:

“Great location, nice room, good people-watching patio, tasty food and friendly service.” 

“Menu is varied with options for vegetarian, celiac, gluten & dairy allergies – everyone happy.” 

“Excellent vegan menu; the plant-based options are noteworthy.” 


Critical / Mixed:

Some inconsistency in dishes. “Not every dish is a winner.” 

Some service issues or longer wait times for busy evenings. 

Value: While quality is good, some reviewers suggest price is higher than casual Italian.

Noise level: Busy environment can feel loud for conversation.","Early mover of wood-fired oven pizzas in Toronto’s Italian casual dining scene. 

Strong vegan/plant-based menu alongside classic Italian which appeals to wide dietary audience. 

Premium casual Italian: more elevated than typical chain pizzeria but still accessible.

Broad menu with pizza + pasta + mains + dietary accommodations.","No explicit guarantee.

Implicit guarantee of quality, modern Italian fare and dietary accommodation through brand promise.",No visible branded retail merchandise. Gift Cards available ,"The brand underwent refresh and modernization in 2019, including interior overhaul, new menus, vegan program. 

Review mentions highlight brunch, weekend patio seating, large group bookings (private events) but no heavily documented themed event nights (e.g., live music nights).

Occasional promos (happy hour, vegan dish features) per social channel. Christmas dinner and canadian features listed on site.","Restaurant able to accommodate groups (reviewers referencing family gatherings) 

Likely has semi-private dining (although specific seat/standing counts not publicly listed for Danforth location).","Listing on OpenTable shows “Wheelchair Access, Gluten-Free Options, Vegan” among attributes. 

Location near public transit (one and a half blocks west of Pape subway station) which increases accessibility. 

No detailed public info found on hearing loop, braille menus etc.","Menu available online for Danforth location (menu page) which includes pizzas/pastas. 

Social mentions indicate catering and group orders, with delivery/takeaway options online for regular takeaway and a seperate link for vegan takeaway.","No obvious public loyalty points program identified.

The focus appears more on brand experience rather than discount/reward program.","Vegan menu promotion appears emphasised (plant-based dishes). 

Lunch specials, weekday canadian features monday after 4pm & kids menu.

Social posts show catering and menu features.

Offering Christmas Dinner.","Article mentions brand modernization and partnerships for franchising, design consultants etc. 
Foodservice and Hospitality Magazine

Vegan chef consultant involvement (Margie Cook) for plant-based menu. Collaboration with brand.","Danforth location is neighbourhood landmark; reviewers mention it has been “many years” (regulars). 

Vegan/plant-based menu attracts community interest and reviews.

Some review mention hosting family gatherings, celebrations which indicate local group engagement.",Website does not prominently feature a newsletter sign-up.,"OpenTable listing notes “Large groups” accommodated but exact capacity unspecified. 

Based on review context (family gatherings, group dinners) likely moderate size (perhaps 80-150 seats) but this is inferred, not confirmed.","Dinner service is clearly peak. Rating lists show dinner hours until 10:00pm (Fri/Sat) for Danforth. 

Reviews mention busy evenings, confirming peak times.","Modern-Italian décor, wood-fired ovens, stylish interiors. Reviewers describe it as “elegant and stylish while maintaining a comfortable, casual atmosphere.” 

Website uses clean typography, quality food photography, and brand message “fresh ingredients… prepared and cooked with love.” 

Social visuals show wood-fired pizza, plant-based dishes and ambiance shots (Instagram)."
Cantina Mercatto,"20 Wellington St E #1, Toronto, ON M5E 1C5","Cantina Mercatto positions itself as a modern Italian dining experience in the downtown Toronto core, part of the broader Mercatto family of Italian restaurants. According to their “About” page:

“A family of four Italian restaurants in Toronto’s downtown core … each designed to celebrate different facets of Italian heritage.” 

Specifically for Cantina: “re-invents the underground wine cellar with a bright, open atmosphere inspired by vineyards and coastal Italian resorts.” 

Italian heritage + modern interpretation, in a premium urban setting.","Indirect: Trendy downtown Italian with upscale-casual feel; caters to professionals and events. Focus on ambiance and modern Italian cuisine.

Shares downtown market and Italian menu elements but attracts a higher-income, social dining crowd.","Part of the Mercatto Hospitality group, established 1998, with four downtown locations. 

Cantina’s identity: large (5,300 sq ft) space (per review) with design by Studio Munge (Toronto), decorative elements (hanging vines, lemons, sea-creature motifs) to evoke vineyards/coastal Italy. 

Menu: Italian classics (pizza, pasta, entrées) + share‐plates + curated cocktails/wines.","Professionals in downtown Toronto (Financial District), lunch or after‐work dinners. Review notes: “part locals, part working-lunches” at the location. 

Groups, celebrations, social dinners (large space, share plates).

Italian dining seekers who want modern, stylish environment rather than ultra informal.

Possibly family diners with mid‐to-upper spend (though more premium than purely budget casual).","Style described as “casual elegant” (OpenTable listing). 

Design: bright, open space with decorative walls mural, hanging vines/lemons, vaulted feel. Review: “light colours, organic lines and natural materials … the 5,300-sq-ft restaurant … the space offers a light and airy feel.” 

Seats 200 (per article) including mezzanine, large dining room + patio. 

Likely moderate to lively ambient noise due to size, group bookings and central downtown location.

Experience: table service, full menu, bar/cocktail program.","
Starters/share plates: Warm Mercatto Bread, Castelvetrano Olives, Arancini, Salumi & Formaggi.

Pizza: Marinara, Margherita, Napoli (anchovy), Pepperoni, Diavola etc.

Pasta: Ricotta Gnocchi, Pasta Alla Norma, Chitarra Alla Carbonara, Orecchiette Pugliese etc.

Entrées (Piatti): Arctic Char, Pollo alla Diavola, Steak etc.

Gluten-free crust pizza option.

Mid‐to‐upper price range (pizza $17–26, pasta $22–34, main dishes up to $58 for steak).",$$,"The Mercatto site (mercatto.ca) covers all locations, menus, reservations, event/private dining info. (Menu page for Cantina was accessible).

Clean layout, location selector, reservation / order button.

The site includes “Private Dining” page for all locations. 

Shows operating hours, menu clearly.

Could be improved: more brand story for Cantina specifically, but functionally solid.",Instagram,@ mercatto.to,"5,631",4.3,"1,269","Positive themes:

Good variety of Italian dishes, up-to-date menu, share plates, stylish interior. 

Good for groups and business meals in downtown.


Negative themes:

Value: some reviews mark price as higher; some mention busy/open space / noise.

Service consistency maybe variable (as common for large venues).

“The spaces are spectacular. The food and cocktails are also. … We were really happy.” 
reddit

“Pretentious, expensive and really not that good.” 
reddit","Large, modern Italian dining venue in downtown Toronto combining pizza + pasta + elegant share plates + full bar in a stylish setting near the St. Lawrence Market / Financial District.

Part of a known Italian-restaurant family (Mercatto) which adds brand strength and consistency.

Deep menu breadth: from pizza to premium steak, which appeals broadly.","I did not find a formal “satisfaction guarantee” published.

Operational guarantee implied through quality branding, but none explicitly stated.",No mention of retail branded merchandise.,"Private dining and full venue buy-out options are actively promoted. 

Doesn’t appear publicly to run fixed “theme nights” (e.g., live music weekly). More focused on general dining + events.

Happy Hour offers listed on site.","Private Dining page indicates fully private rooms + semi-private options across Mercatto locations. For Cantina: can host large tables, full venue buyouts. 

OpenTable listing lists private dining room available. 

Suitable for groups of various sizes (though exact max capacity available via inquiry).","Location: downtown, good transit access (Financial District, walkable).

Public listings list typical amenities (wheelchair accessible not explicitly confirmed in my sources).

No detailed publicly visible mention of hearing loop / braille menus found in my search.","Menu displayed on website includes “Order Online” functionality via the site modal (as seen in the menu page pop-up). 

UberEats listing exists for Cantina Mercatto. ","No visible loyalty / points program.

Could be internal to Mercatto group but not publicly obvious.","Happy Hour listed on site 3-6pm

$9 All draught beer

$9 Wine by the glass

50% off pizza","No major brand collaborations publicly documented for Cantina (e.g., product lines or co-branded events).","Positioned inside Financial / Old Town area near St. Lawrence Market which implies local foot traffic and corporate lunch/dinner trade. Review notes it is part of working-lunch crowd. 

No strong public charity or community-outreach programs found in my captured sources.","The website includes a newsletter sign-up prompt.

Not heavily highlighted but present.","200 seats, including a 32-seat private dining mezzanine and … a 50-seat patio (coming).

So roughly 200 seated plus outdoor capacity (patio). Standing capacity likely additional for events.

Large venue for an Italian concept downtown.","Lunch and dinner service daily (Hours show 11:30 am opening). 

Evening (post-work) and weekend dining likely peak. Review for working-lunch and after-work share plates indicates midday & early evening rush. 

Given large seating, corporate lunch is likely strong, as is dinner for social groups.","Visual aesthetic: polished, modern, with touches of whimsy (vine-and-lemon mural), organic design elements.

Branding tone: stylish but approachable, suits business + social dining occasions.

Website and interior photography show clean, luminous spaces, inviting design.

Menu typography/website styling mirror a premium casual feel."
Mangiare,"2840 Dundas St W, York, ON M6P 1Y7","Mangiare positions itself as an authentic, family-friendly Italian dining destination: “Authentic Italian Family Dining” with recipes passed down generations, where families can dine affordably without dressing up. 

They emphasise home-style Italian cooking, locally-sourced ingredients, and a welcoming environment. ","Borderline Direct: Local, family-owned Italian restaurant with homestyle cooking and warm service. Smaller scale but similar value and comfort focus.

Overlaps on family-friendly dining and comfort food but lacks OSF’s brand recognition and tourist appeal.","A family-run business offering homemade Italian meals inspired by their family recipes. 

“Dual-concept” branding: in the day the space may serve other concept (Boom Breakfast) and in the evening it becomes Mangiare (in the Junction location).

Emphasis on affordability and frequent dining (“a place you can visit multiple times a week”) rather than just special occasions. ","Families (parents with children) seeking a casual, comfortable Italian dinner. 

Local residents in the Junction neighbourhood and surrounding west-Toronto. 

Casual weekday diners and weekend families seeking value and familiarity, plus kid-friendly options. 

Possibly groups/celebrations in a relaxed setting (though less upscale than fine-dining Italian). User reviews mention family gatherings. ","Warm, inviting, cozy environment described by reviewers; “felt like I was over for lunch at a friend’s rather than a restaurant.” 

Décor likely casual elegant, comfortable for families; not ultra-formal.

The experience emphasises comfort, approachable Italian dining, friendly service, generous portions. Reviewers highlight service and home-style feel. 

Because the location is in the Junction, the vibe is neighbourhood-oriented rather than tourist-oriented.","Homemade sauces, pastas, “Nonna’s recipes,” kid-friendly options, vegetarian and gluten-free options. 

Example items: appetizers (~$15), pasta dishes (~$20) as per the online menu. 

Sandwiches (“Zia’s Sandwiches”) also featured; seasonal desserts. 

Catering menu exists (appetizers, mains etc) for events. ",$,"Site is clear, contains “About”, “Menu”, “Order Now”, “Locations” pages. The brand copy emphasises family, tradition, affordability. 

Good functional design but perhaps less “premium design” than higher-end Italian restaurants. The target is family‐friendly rather than luxury.

The dual-concept mention suggests some complexity but the menu and ordering info are accessible.","Instagram

Facebook",@ mangiare.to,"3,911",4.7,285,"Positive themes:

Generous portions, very good value. 

Friendly staff, comfortable family dine-in vibe. 

Good for families/groups; combination of traditional Italian flavour and approachable price. 



Critical or Mixed themes:

Some mentions of “average” dishes relative to price; maybe less premium than fine dining Italian. 
Newly Opened

Because of family-friendly nature, possibly less adult-luxury vibe for date nights (though still reviewed well).","Authentic Italian family dining built on family recipes, with a value-oriented and child-friendly environment (“Nonna’s kitchen, homemade sauce”). 

Locally sourced ingredients and community roots (their sourcing statement emphasises local small suppliers). 

Family-friendly but authentic Italian flavour. Fills niche between big chain casual Italian and high-end trattoria.","The promise is more implicit (homemade, family recipes, fresh). 
","Catering services: they have a dedicated catering menu. 
No widely visible branded merchandise (e.g., apparel) identified in public sources.

Gift cards: “Grab your Mangiare gift card!” appears in site copy. ","“Thursday all you can eat spaghetti night” for $9.99

Catering and private events offered","Catering menu indicates they serve functions (birthdays, baptisms, corporate lunch) with private event service. 

Review mention: “We had a party of 9 … staff were attentive …” 

The space is likely moderate in size (Junction location) and suitable for family/group bookings though likely smaller than large banquet facility.","The website emphasises inclusivity (vegetarian & gluten-free options) and accessibility to families. 

Physical location in neighbourhood; but I did not locate detailed statements about wheelchair access / hearing loop in the sources reviewed.

Delivery/take-out provides additional accessibility for non-dine-in customers.","Clearly supports take-out and delivery through SkipTheDishes, Uber Eats, DoorDash. 

The website includes “Order Now” links. ",No visible loyalty / points program.,"All you can eat spaghetti on Thursday night is a standout promotion cited in reviews. 

“Kids eat free” promotions referenced in local review summaries. 

Gift card call-out.

Family fun nights mentioned.","The website emphasises local sourcing (seafood from Bloor West Village family-owned business, produce from small supplier) which is a form of partnership/local collaboration. 

No high-profile brand/campaign partnerships found in the public sources I captured.","Strong neighbourhood orientation (Junction area); emphasises supporting local suppliers. 

Hosting family fun nights and events to bring community together. 

Many reviews highlight local regulars and family groups.",No Email/newsletter presence,"The review site NewlyOpened lists: “Family function of 9” comfortable; rating 4.7 with 278 reviews. 

No exact publicly listed capacity (seats/standing); likely moderate size suitable for families rather than large banquet halls.

Because the venue is neighbourhood-restaurant sized (Junction), it may have capacity for maybe 50-100 seats (estimate) but this is inference not source.","Dinner service (evenings) appears strong for family dinners. Review mentions evening bookings. 

Lunch service also offered (site states “Now open for lunch! Everyday 11 AM – 3 PM”) for the down-town version. 

Thursday nights appear special (All you can eat spaghetti promotion) which likely draws extra traffic.","Branding visuals emphasise “Nonna’s meals”, family-style Italian, warm inviting tone. The website uses friendly copy: “Board Game & Breakfast Night”; “Nonna’s Meals. Delicious Deals.” 

Aesthetic: comfortable, modern but not ultra-luxury. Appropriate for family dining.

Colours, imagery: the site uses home-style food photography, playful typography, emphasis on family and tradition."
The Good Son Restaurant,"1096 Queen St W, Toronto, ON M6J 1H9","The Good Son positions itself as a “neighbourhood restaurant and bar embracing the local Toronto culture” with Italian-influenced cuisine, wood-fired pizza, share dishes, and cocktails. 

It markets as approachable but with flair, combining Italian roots with global influences","Indirect

Areas of Overlap

The Good Son is an Italian-influenced restaurant with wood-fired pizzas, Italian-style dishes and pasta among its menu offerings. 

It is located in Toronto (Queen Street West and another location at Shops at Don Mills) so it serves the same geographic market. 

It caters to dine-in restaurant traffic (families, friends, date nights, group gatherings)which is the same kind of occasion that OSF competes for (Italian casual dining).

It offers shareable dishes and appeals to social dining, which overlaps with OSF’s group/family dining position.

Areas Where the Competition Is Less Direct

The Good Son’s positioning appears more “modern/hip Italian + neighbourhood restaurant/bar” (wood-fired oven, cocktails, share plates) rather than “heritage family-dining chain Italian” which is often how OSF is positioned. For example: “The heart of our kitchen … the wood-fired oven & wood-fired grill … imported …” 

Menu focus and ambience: The Good Son emphasises “neo-Italian”, “Toronto cuisine”, wood-fired pizza, cocktails, somewhat upscale casual. 

Target audience slighlt differs: The Good Son may attract more young adults, date nights, social groups.

The Good Son has multiple locations and is somewhat more upscale","Full-service restaurant + bar with wood-fired oven & grill operations (imported from Italy) as central kitchen feature. 

Two locations (Queen West and Shops at Don Mills)

Menu designed for sharing plates, social dining, and a blend of pizza, pasta, mains, cocktails. ","Urban diners: young professionals, couples, groups of friends in Toronto’s Queen West / Don Mills neighbourhoods.

Social dining customers: folks looking for sharing plates, cocktails, wood-fired pizza + mains.

Some family and casual diners too, but the vibe skew is definitely more social/urban than purely family-casual.

Value-conscious mid-spend diners (price bracket “$30 or less” noted on OpenTable for some items) but also willing to spend for elevated dishes.","Chic, contemporary, slightly upscale casual. Reviewers note “modern take”, “vibrant ambiance”, “artistic décor”. 

Wood-fired ambiance, bar life, social lounge feel; good for date nights, groups and after-work.

Also brunch service and lunch available in some locations (social/diner day-to-evening). 
","Wood-fired pizzas (house-made crusts, creative toppings). 

Pastas, share plates, mains (burgers, steak, etc) with global influences (e.g., bulgogi short ribs, jerk shrimp) integrated with Italian concept. 

High quality ingredients: local seasonal organic produce, free‐range meats, etc. 

Vegetarian/vegan and gluten-free options available (reviewers note VG/GF labels). ",$$,"The website is functional, visually decent, shows menu, reservation link, take-out/delivery links, photo gallery. 

Good promotional language and clear brand voice (“A nostalgia of flavours”, “wood-fired fine dining”). 

Could maybe enhance in terms of loyalty program visibility, newsletter prompts.","Instagram

Facebook

X (Twitter)",@ thegoodson_to,16.7k,4.5,"1,219","Positive themes:

Quality pizzas: “Highly recommend the pizza here! Amazing crust and toppings…” 

Good food variety and inventive dishes: “multi-cultural mashup of Italian-inspired dishes”. 

Friendly atmosphere and good for groups/dates: “The food is delicious, service excellent and the ambience relaxed and perfect.” 


Negative Themes:

Some inconsistency/expectation vs value (review mention of a steak/fat issue) 

The social/late-night vibe might dilute conversation for some family diners (implied).

Price relative to expectations for some menu items.","Wood-fired oven & grill at core + creative, globally influenced Italian menu, “Toronto cuisine” concept by Chef Vittorio Colacitti. 
foodzaggy.com

Social dining experience with share plates, cocktails, design aesthetic and two city locations.

Wednesday pizza special and late-night DJ/after-hours vibe gives unique night-out angle. ","No formal, explicit satisfaction guarantee found in public sources.

Implicit guarantee of quality via chef credentials, wood-fired kitchen and review reputation.","No prominent branded merchandise line (apparel, cookbooks) visible from captured sources.","Wednesday pizza special: “Handcrafted, wood-fired pizzas at a special price when you order with any beverage.” 

Late-night vibe: DJ on Thursday/Friday nights, late service after 21:30. 

Brunch service on weekend mornings. ","The OpenTable listing mentions semi-private dining experience (Chef’s table), full private buy-out, event venue “Ultraviolet” above the restaurant. 

Accepts reservations for larger groups; good for events.","Convenient transit location (Queen West). OpenTable listing includes “Wheelchair accessible” among amenities. 

Options for take-out/delivery adds accessibility.","Site offers “TAKEOUT” button, delivery partners mentioned. ","No clear publicly visible loyalty points or rewards program.

Some mention “Program of Rewards for diners” in OpenTable listing for Don Mills site. ","Wednesday pizza special. 

Brunch Menu

Happy Hour offers

Late-night drink/cocktail specials ($10 craft cocktails, select beers/wines $6) mentioned. 

Seasonal menu changes and limited-time items (e.g., Summerlicious participation). ",Not many explicit large brand partnerships.,"Situated in local neighbourhoods (Queen West & Don Mills). Reviewers mention local regulars.

Emphasis on local seasonal produce and culture of Queen West gentrification. 

Social/late-night programming ties into local nightlife culture.",Website has newsletter sign up prompt.,"Not exact publicly published seats count for Queen West location; OpenTable listing shows they take reservations and have event venue above (“Ultraviolet”). 

Large enough for groups, semi-private rooms; but likely not huge banquet scale like big chain restaurant halls.","Evening dinner service is peak; brunch on weekends also strong. 

Late-night service with DJ on weekends/after 21:30. 

Lunch/early evening mid‐week may be less busy. Mid-week pizza promotion suggests attempt to boost earlier weekday traffic.","Branding is modern, stylish yet comfortable, “nostalgia of flavours”, vintage décor touches, wood-fired ambience, bar/restaurant combination. 
dobbernationloves.com


Visuals: dark woods, leather booths, atmospheric lighting, vintage clocks and books mentioned in review. 
dobbernationloves.com

Website visuals: clean, professional photography of dishes and interior."
Piano Piano Restaurant,"55 Colborne St, Toronto, ON M5E 1E3","Piano Piano positions itself as a modern, elevated Italian restaurant that is nonetheless fun and approachable. Its tagline: “The Italian restaurant you always wished was just around the corner.” 

It emphasises “deeply satisfying food that comes in just the right size” and “traditional Italian fare… elevated”. 

“Italian comfort with sophistication” somewhere between casual trattoria and elevated dining.","Indirect: Upscale casual Italian brand known for design, cocktails, and refined dishes. Targets foodies, dates, and celebrations rather than families.

Overlaps in pasta/pizza offerings but differs sharply in experience, tone, and price point.","Concept: Contemporary Italian cuisine (pizza, pasta, mains) with design-forward interiors and social-dining vibe. 

Chef identity: Created by Chef Victor Barry, previously of Splendido; the idea is “home-cooked Italian soul” but in a stylish setting. 

Multiple locations: Harbord Street, Mount Pleasant, Colborne Street (St. Lawrence), etc. Suggests growth and brand scale. ","Urban diners: couples, professionals, groups of friends looking for a “nice night out” Italian experience.

Food-enthusiasts who appreciate elevated plates (e.g., lobster casarecce) rather than purely value fare.

Occasions: date nights, social dinners, celebrations (given location and price point).

Possibly less focused strongly on budget-family outings (though still accessible) and more on stylish Italian dining.","Atmosphere: Stylish, vibrant, design-led. One location description: “warm, welcoming and just plain fun.” 

Experience: Full-service dining, show-kitchen feel, modern décor, craft cocktails, wood-fired and artisanal touches.

Good for groups and special occasions (private rooms available).","Pizza (various specialty toppings), pasta dishes (e.g., rigatoni carbonara, lobster casarecce) and mains (e.g., veal parm, ribeye) are all present. 

Share plates/appetisers: whipped ricotta, arancini, etc. 

Wine list and cocktails: Full bar service. Reviews mention craft drinks. 

Higher price point than entry-level casual: Pastas $28+, mains to $99 for large shares.",$$$,"The website is well-designed: clear brand messaging, menu access, photos, multiple locations. 

Navigation is good; price point and ambience are clear.

Might not have heavy loyalty or newsletter emphasis on home page (based on available source) but major components are present.
","Instagram

Facebook

TikTok",@ pianopianotherestaurant,47.4k,4.3,"1,476","Positive themes:

High quality food: “Superb food and outstanding service!” (TripAdvisor) 

Stylish atmosphere and good for couples/celebrations: “Lovely people, artistic atmosphere, delicious food.” (OpenTable review) 


Negative/Mixed themes:

Some reviews mention high price relative to value: one review: “food was very good… but at almost $150 pp it was a bit high for the type of place.” 

Some service inconsistency mentioned: e.g., “food ranged from just ok to terrible … server didn’t care” in Reddit thread. ","Elevated yet approachable Italian dining with design-driven spaces + strong menu craftsmanship.

Distinct from purely family chain Italian by being more upscale and style-focused.

Unique tagline: “piano piano va lontano” (“slowly slowly we go further”) suggesting enjoyment of food/experience rather than rush. ","No explicit guarantee.

Implicit guarantee of craft, elevated experience and design standard.",No visible large-scale merchandise. They do however have a range of frozen pizzas available in grocery stores around the city,"Happy Hour: one listing shows “Daily Happy Hour at 3-5pm” for sharing snacks & drink deals. 

Family‐style dining & large party menus (via OpenTable) suggest program for groups/events. 

Likely special seasonal menus but not heavily documented.","OpenTable lists private rooms – e.g., Main Dining Room 90 seated, 115 standing for Harbord Street location. 

For Colborne location: Main Dining Room 67 seated / 75 standing; Carousel Bar 44 seated / 60 standing. 

Good event/group booking capability for mid-size groups.","Listings indicate “Wheelchair Accessible” among amenities. 

Good transit proximity (e.g., Harbord Street near Spadina).

Take-out options provide access for non-dine-in.
","OpenTable listing says Harbord Street location offers take-out. 

Supports delivery platforms though specific sources including Doordash and DashMart.",No clearly publicised loyalty/rewards program.,"Happy Hour 3:00–5:00 (or 15:00–17:00) daily at certain locations with snack & drink specials. 

Family-style menu for large bookings and special lunches (Lunch Family Style Dining CAD 45/person) noted. 

Regular dinner & brunch menus schedule available.","The brand emphasizes design collaborations (e.g., designers Tiffany Pratt, Future Studio, artist work by Charlotte & Sofie Barry) for interior spaces. 

Not many publicly visible large corporate or sponsorship partnerships found.","Presence in multiple Toronto neighbourhoods suggests local engagement (Harbord, Mount Pleasant, Colborne).

Reviews emphasise neighbourhood “gem” status. 

No detailed charity/community outreach programmes found.","On home page: “Subscribe to 🎹 🎹 news” (newsletter opt-in). 

So they do have newsletter capture; however frequency and content unclear.","Harbord Street: up to 90 seated / 115 standing for seated events. 

Colborne location: 67 seated / 75 standing main room; Carousel Bar 44 seated / 60 standing. 

So capacity is mid-to-large for restaurant (good for groups & events).","Meals: Lunch daily 12:00–15:00 in many locations. Dinner from 17:00 onwards. Harbord listing shows dinner until 10pm (Mon-Wed/Sun) and until 11pm (Thu–Sat). 

Happy Hour early-evening (3pm–5pm) suggests driving traffic before peak dinner.

Likely peak dinner/reservation times around 6pm–9pm, weekends later.","Visual branding: Modern, warm, playful, with interior design touches (rose-garden graffiti facade, artwork, design-studio involvement) 

Food photography/trends: sophisticated plating, wood-fired visuals, open kitchen.

Brand voice: cheeky/casual-luxury (“tasty & f*#kn delicious!”) in copy. 

Overall style is premium casual, trending upward from traditional casual Italian."
Paisano’s,"116 Willowdale Ave, North York, ON M2N 4X9","A long-standing, classic Italian family restaurant in North York that promotes generous portions, traditional Italian recipes and a neighbourhood hospitality vibe, positioned between casual trattoria and reliable family dining. ","Borderline Direct: Local Italian family restaurant with affordable meals and familiar menu. Smaller reach but similar guest intent (casual, comforting).        

Overlaps on cuisine type, approachable pricing, and family feel; differs in brand awareness and experience.","Full-service Italian restaurant / garden-style cafe offering pizzas, pastas, veal/chicken mains, seafood and classic antipasti. Emphasis on comfort classics and value for families and regulars. ","Local families, neighbourhood regulars, office workers in North York, and delivery/takeout customers looking for hearty Italian meals. Also suits small group celebrations and casual date nights. ","Casual, roomy, family-friendly dining room with a “neighbourhood staple” feel; reviewers frequently call it reliable, relaxed and good for groups. Patio/“garden” language appears in brand name and local listings. ","Extensive list of appetizers, pasta, dinner, pizza and dessert options. Catering options, party and brunch menus are all listed on their website.

x6 Item kids menu.

Wines listed on site but no general beverage list with cocktails, non-alcoholic options, pop options. (Coffee options are listed in desserts)

Signature comfort dishes and seafood/mixed pastas (Seafood Creole, Lobster Ravioli, Chicken Alfredo, Spaghetti & Meatballs).

Gluten-free pasta option noted on delivery menus. ",$20–30,"Functional, straightforward site with menus, contact info, hours and reservation/contact form. Not heavily branded marketing but practical for ordering and info. ","Instagram

Facebook

Twitter (X)

LinkedIn",@ paisanos_original,"1,060",4.4,2.5k,"Positives: 

consistent, flavourful tomato sauces and pastas; good portion sizes; friendly service; long-standing local favourite.

Negatives / Mixed: 

occasional inconsistency in orders/delivery timing (typical for busy neighbourhood Italian), some reviewers expect better polish vs higher-end Italian. Evidence from TripAdvisor / Yelp / delivery ","Reliable, generous classic Italian in North York with a broad menu that covers pizza, seafood pasta, mains, trusted by local regulars and available for delivery/takeout.",No formal public “satisfaction guarantee” found; quality assurance is implicit via longstanding local reputation and active response on social/review channels. ,No prominent retail merch or product line found. ,"No documented weekly entertainment calendar; venue suitable for birthday/family gatherings and moderate private events, typical of family Italian restaurants.

They are however running halloween specials.","Accepts group reservations; contact page and phone allow private booking enquiries (likely small-to-medium sized groups rather than large ballroom events). 
",Street-level location in North York; standard accessibility likely but no detailed public statements about ramps/hearing-loop. Transit/parking convenience typical for suburban location. ,Full delivery & pickup availability via DoorDash / UberEats / DoorDash listings; delivery menu includes favourites and indicates popular items/ratings on platforms. Delivery is a clear channel for the business. ,"No obvious public loyalty / points program found. Customer retention appears driven by repeat patronage and local reputation. 
","No widely documented weekly specials on the site; may run local/seasonal promos (not prominently published). Delivery partners sometimes show item promos. 
",No major brand partnerships found and activity appears local/community oriented rather than national partnerships. ,Longstanding local restaurant with repeat customers; social channels and reviews indicate strong neighbourhood engagement and word-of-mouth. ,No prominent newsletter sign-up on homepage; contact captured via phone/email. Social posts appear to be main digital outreach. ,"Site and listings don’t publish exact seat counts. Based on review language and menu service, expect small-to-medium seating (family restaurant footprint); suitable for groups but not large banquet buyouts. 
","Evenings (dinner) and weekend nights are peak; delivery & takeout busy during lunch/dinner commute windows. 
","Traditional Italian restaurant look & feel. Classic menu typography, food photography focused on hearty plates, and a garden/cafe naming that signals a warm, approachable aesthetic rather than a modern minimalist brand. "